Sp Code,Genus,Species,subspecies/alternate,Common Name,Family,Duration,Community
acac cons,Acacia,constricta,,Whitethorn acacia,Fabaceae,Perennial,Perennials
acac greg,Acacia,greggii,,Catclaw acacia,Fabaceae,Perennial,Perennials
alli inca,Allionia,incarnate,,Trailing windmills,Nyctaginaceae,Perennial,Perennials
alli sp,Allionia,sp.,,Unknown,Nyctaginaceae,Perennial,Perennials
amar palm,Amaranthus,palmeri,,Carelessweed,Amaranthaceae,Annual,Summer Annuals
ambr arte,Ambrosia,artemisiifolia,,Annual ragweed,Asteraceae,Annual,Summer and Winter Annuals
ammo chen,Ammocodon,chenopodioides,,Goosefoot monopod,Nyctaginaceae,Perennial,Perennials
amsi inte,Amsinckia,menziesii,(intermedia),Common fiddleneck,Boraginaceae,Annual,Winter Annuals
amsi tess,Amsinckia,tessellata,,Bristly Fiddleneck,Boraginaceae,Annual,Winter Annuals
andr occi,Androsace,occidentalis,,Western rockjasmine,Primulaceae,Annual,Winter Annuals
annu forb,Unknown,annual forb,forb,Unknown,Unknowns,Annual,Unknown
annu gras,Unknown,annual grass,grass,Unknown,Poaceae,Annual,Unknown
annu gras2,Unknown,annual grass,distinct from annu gras,Unknown,Poaceae,Annual,Unknown
apod undu,Apodanthera,undulate,,Melon loco,Cucurbitaceae,Perennial,Perennials
aris adsc,Aristida,adscensionis,,Sixweeks threeawn,Poaceae,Annual,Summer Annuals
aris hamu,Aristida,(hamulosa) ternipes,var. gentilis,Spidergrass,Poaceae,Perennial,Perennials
aris long,Aristida,longiseta,,Purple threeawn,Poaceae,Perennial,Perennials
astr allo,Astragalus,allochrous,,Halfmoon milkvetch,Fabaceae,Annual,Winter Annuals
astr nutt,Astragalus,nuttallianus,,Smallflowered milkvetch,Fabaceae,Annual,Winter Annuals
astr sp,Astragalus,sp.,,Unknown,Fabaceae,Annual,Winter Annuals
atri acan,Atriplex,acanthocarpa,,Tubercled Saltbush,Chenopodiaceae,Perennial,Perennials
atri eleg,Atriplex,elegans,,Wheelscale Saltbush,Chenopodiaceae,Annual,Summer Annuals
atri wrig,Atriplex,wrightii,,Wright's saltbush,Chenopodiaceae,Annual,Summer Annuals
bahi absi,Bahia,absinthifolila,,Sageleaf Bahia,Asteraceae,Perennial,Perennials
bahi bite,Bahia,biternata,,Slimlobe bahia,Asteraceae,Annual,Summer Annuals
bail mult,Baileya,multiradiata,,Desert marigold,Asteraceae,Annual,Summer and Winter Annuals
boer cocc,Boerhaavia,coccinea,,Garnet spiderling,Nyctaginaceae,Perennial,Perennials
boer cout,Boerhavia,coulteri,,Coulter's spiderling,Nyctaginaceae,Annual,Summer Annuals
boer inte,Boerhavia,intermedia,,Firewing spiderling,Nyctaginaceae,Annual,Summer Annuals
boer sp,Boerhavia,sp.,,Unknown,Nyctaginaceae,Annual,Summer Annuals
boer spic,Boerhavia,spicata,,Creeping spiderling,Nyctaginaceae,Annual,Summer Annuals
boer torr,Boerhaavia,torreyana,,Creeping spiderling,Nyctaginaceae,Annual,Summer Annuals
both barb,Bothriochloa,barbinodis,,Cane bluestem,Poaceae,Perennial,Perennials
bout aris,Bouteloua,aristidoides,,Needle grama,Poaceae,Annual,Summer Annuals
bout barb,Bouteloua,barbata,,Sixweeks grama,Poaceae,Annual,Summer Annuals
bout dact,Bouteloua,dactyloides,,Buffalo grass,Poaceae,Perennial,Perennials
bout erio,Bouteloua,eriopoda,,Black grama,Poaceae,Perennial,Perennials
bout sp,Bouteloua,sp.,,Unknown,Poaceae,Annual,Summer Annuals
bray dens,Brayulinea,densa,,Small matweed ,Amaranthaceae,Perennial,Perennials
bric eupa,Brickellia,eupatorioides,var. chlorolepis,False Boneset,Asteraceae,Perennial,Perennials
brom rube,Bromus,rubens,,Red brome,Poaceae,Annual,Winter Annuals
caly wrig,Calycoseris,wrightii,,White tackstem,Asteraceae,Annual,Winter Annuals
cass bauh,Cassia,bauhinoides,,Twinleaf senna,Fabaceae,Perennial,Perennials
cass lept,Cassia,leptadenia,,Sensitive partridge pea,Fabaceae,Annual,Summer Annuals
chae stev,Chaenactis,stevioides,,Esteve's pincushion,Asteraceae,Annual,Winter Annuals
chen frem,Chenopodium,fremontii,,Fremont's goosefoot,Chenopodiaceae,Annual,Summer and Winter Annuals
chen sp,Chenopodium,sp.,,Unknown chenopodium,Chenopodiaceae,Annual,Unknowns
chlo virg,Chloris,virgata,,Feather fingergrass,Poaceae,Annual,Summer Annuals
chor tene,Chorispora,tenella,,Crossflower,Brassicaceae,Annual,Winter Annuals
cirs neom,Cirsium,neomexicanum,,New Mexico thistle,Asteraceae,Perennial,Perennials
comm erec,Commelina,erecta,,Whitemouth daisyflower,Commelinaceae,Perennial,Perennials
crot cory,Croton,corymbulosa,,Leatherweed,Eurphorbiaceae,Perennial,Perennials
crot pumi,Crotalaria,pumila,,Low rattlebox,Fabaceae,Annual,Summer Annuals
cryp cras,Cryptantha,crassisepala,,Thicksepal cryptantha,Boraginaceae,Annual,Winter Annuals
cryp micr,Cryptantha,micrantha,,Redroot cryptantha,Boraginaceae,Annual,Winter Annuals
cryp sp,Cryptantha,sp.,,Unknown,Boraginaceae,Annual,Winter Annuals
cusc sp,Cuscuta,sp.,,Unknown,Cuscutaceae,Annual,Summer Annuals
cyli sp,Cylindropuntia,sp.,,Unknown cholla,Cactaceae,Perennial,Perennials
dale brac,Dalea,brachystachya,,Fort Bowie prairie clover,Fabaceae,Annual,Summer and Winter Annuals
dale nana,Dalea,nana,,Dwarf prairie clover,Fabaceae,Perennial,Perennials
dale pogo,Dalea,pogonathera,,Bearded prairie clover,Fabaceae,Perennial,Perennials
dale sp,Dalea,sp.,,Unknown clover,Fabaceae,Unknown,Unknowns
delp sp,Delphinium,sp.,,Unknown,Ranunculaceae,Annual,Winter Annuals
desc obtu,Descurainia,obtusa,,Blunt tansymustard,Brassicaceae,Annual,Winter Annuals
desc pinn,Descurainia,pinnata,,Western tansymustard,Brassicaceae,Annual,Winter Annuals
desc sp,Descurainia,sp.,,Unknown,Brassicaceae,Annual,Winter Annuals
dich pulc,Dichlostemma,pulchellum,,Blue Dicks,Liliaceae,Perennial,Perennials
dith wisl,Dimorphocarpa (Dithyrea),wislizeni,,Spectaclepod,Brassicaceae,Annual,Summer and Winter Annuals
dyss pent,Dyssodia,pentachaeta,,Fiveneedle pricklyleaf,Asteraceae,Perennial,Perennials
enne desv,Enneapogon,desvauxii,,Nineawn pappusgrass,Poaceae,Perennial,Perennials
ephe sp,Ephedra,sp.,,Unknown jointfir,Ephedraceae,Perennial,Perennials
ephe torr,Ephedra,torreyana,,Torrey's jointfir,Ephedraceae,Perennial,Perennials
ephe trif,Ephedra,trifurca,,Longleaf jointfir,Ephedraceae,Perennial,Perennials
erag arid,Eragrostis,pectinaceae,(arida),Desert lovegrass,Poaceae,Annual,Summer Annuals
erag cili,Eragrostis,cilianensis,,Stinkgrass,Poaceae,Annual,Summer Annuals
erag inte,Eragrostis,intermedia,,Plains Lovegrass,Poaceae,Perennial,Perennials
erag lehm,Eragrostis,lehmanniana,,Lehmann’s lovegrass,Poaceae,Perennial,Perennials
erag sp,Eragrostis,sp.,,Unknown,Poaceae,Perennial,Perennials
eria diff,Eriastrum,diffusum,,Miniature woollystar,Polemoniaceae,Annual,Winter Annuals
erig conc,Erigeron,concinnus,,Navajo Fleabane,Asteraceae,Perennial,Perennials
erig dive,Erigeron,divergens,,Spreading fleabane,Asteraceae,Annual,Summer and Winter Annuals
erig sp,Erigeron,sp.,,Unknown ,Asteraceae,Unknown,Unknowns
erio aber,Eriogonum,abertianum,,Abert's buckwheat,Polygonaceae,Annual,Summer and Winter Annuals
erio lemm,Eriochloa,lemmonii,,Canyon cupgrass,Poaceae,Annual,Summer and Winter Annuals
erio poly,Eriogonum,polycladon,,Sorrel buckwheat,Polygonaceae,Annual,Summer Annuals
erod cicu,Erodium,cicutarium,,Redstem stork's bill,Geraniaceae,Annual,Summer and Winter Annuals
erod texa,Erodium,texanum,,Texas stork's bill,Geraniaceae,Annual,Winter Annuals
esch mexi,Eschscholzia,californica,mexicana,California poppy,Papaveraceae,Annual,Winter Annuals
euph exst,Euphorbia,exstipulata,,Squareseed spurge,Euphorbiaceae,Annual,Summer Annuals
euph fend,Euphorbia,fendleri,,Fendler's sandmat,Euphorbiaceae,Annual,Summer Annuals
euph micr,Euphorbia,micromera,,Sonoran sandmat,Euphorbiaceae,Annual,Summer Annuals
euph serp,Euphorbia,serpyllifolia,,Thymeleaf sandmat,Euphorbiaceae,Annual,Summer Annuals
euph serr,Euphorbia,serrula,,Sawtooth sandmat,Euphorbiaceae,Annual,Summer Annuals
euro lana,Eurotia,lanata,,Winterfat,Chenopodiaceae,Perennial,Perennials
flou cern,Flourensia,cernua,,Tarbush,Asteraceae,Perennial,Perennials
gili sinu,Gilia,sinuata,,Rosy gilia,Polemoniaceae,Annual,Winter Annuals
guti saro,Gutierrezia,sarothrae,,Snakeweed,Asteraceae,Perennial,Perennials
hapl grac,Machaeranthera (Haplopappus),gracilis,,Slender Goldenweed,Asteraceae,Annual,Summer and Winter Annuals
hapl spin,Happlopappus,spinulosus,,Lacy tansyaster,Asteraceae,Perennial,Perennials
hapl tenu,Isocoma (Haplopappus),tenuisectus,,Burroweed,Asteraceae,Perennial,Perennials
hete suba,Heterotheca,subaxillaris,,Camphorweed,Asteraceae,Annual,Winter and Summer Annuals
hila muti,Hilaria,mutica,,Tobosa grass,Poaceae,Perennial,Perennials
hoff dens,Hoffmanseggia,densiflora,,Hog potato,Fabaceae,Perennial,Perennials
ipom cost,Ipomoea,costellata,,Crestrib Morning Glory,Convolvulaceae,Annual,Summer Annuals
kall cali,Kallstroemia,californica,,California Caltrop,Zygophyllaceae,Annual,Summer Annuals
kall gran,Kallstroemia,grandiflora,,Arizona Poppy,Zygophyllaceae,Annual,Summer Annuals
kall hirs,Kallstroemia,hirsutissima,,Hairy Caltrop,Zygophyllaceae,Annual,Summer Annuals
kall sp,Kallstroemia,sp.,,Unknown,Zygophyllaceae,Annual,Summer Annuals
laen coul,Laennecia,coulteri ,,Coulter's Horseweed,Asteraceae,Annual,Winter and Summer Annuals
lapp redo,Lappula,occidentalis,(redowskii),Flatspine stickseed,Boraginaceae,Annual,Winter Annuals
lepi lasi,Lepidium,lasiocarpum,,Shaggyfruit pepperweed,Brassicaceae,Annual,Winter Annuals
lepi sp,Lepidium,sp.,,Unknown,Brassicaceae,Annual,Winter Annuals
lesq gord,Lesquerella,gordoni,,Bladderpod,Brassicaceae,Annual,Winter Annuals
lina bige,Linanthus,bigelovii,,Bigelow's linanthus,Polemoniaceae,Annual,Winter Annuals
lina sp,Linanthus,sp.,,Unknown,Polemoniaceae,Annual,Winter Annuals
lina texa,Nuttallanthus (Linaria),texanus,texana,Texas toadflax,Scrophulariaceae,Annual,Winter Annuals
lupi conc,Lupinus,concinnus,,Bajada lupine,Fabaceae,Annual,Winter Annuals
lupi sp,Lupinus,sp.,,Unknown,Fabaceae,Annual,Winter Annuals
lupi sp2,Lupinus,sp. 2,distinct from lupi sp,Unknown,Fabaceae,Annual,Winter Annuals
lyci torr,Lycium,torreyi,,Torrey wolfberry,Solanaceae,Perennial,Perennials
lyci sp,Lycium,sp.,,Unknown wolfberry,Solanaceae,Perennial,Perennials
lycu phle,Lycurus,phleoides,,Wolf tail,Poaceae,Perennial,Perennials
mach tanr,Machaeranthera,tanacetifoloia,,Tansyleaf Tansyaster,Asteraceae,Annual,Summer Annuals
mala fend,Malacothrix,fendleri,,Fendler's desert dandelion,Asteraceae,Annual,Winter Annuals
mala sp,Malacothrix,sp.,,Unknown dandelion,Asteraceae,Annual,Winter Annuals
micr lene,Uropappus (Microseris),lindleyi,lenearifolia,Lindley's silverpuffs,Asteraceae,Annual,Winter Annuals
moll cerv,Mollugo,cerviana,,Threadstem Carpetweed,Molluginaceae,Annual,Summer Annuals
moll sp,Mollugo,sp.,,Unknown,Molluginaceae,Annual,Summer Annuals
moll vert,Mollugo,verticillata,,Green Carpetweed,Molluginaceae,Annual,Summer Annuals
muhl port,Muhlenbergia,porter,,Bush Muhly,Poaceae,Perennial,Perennials
nama hisp,Nama,hispidum,,Bristly nama,Hydrophyllaceae,Annual,Winter Annuals
oeno prim,Oenothera,primiveris,,Desert evening primrose,Onagraceae,Annual,Winter Annuals
oeno sp,Oenothera,sp.,,Unknown,Onagraceae,Annual,Winter Annuals
opun sp,Opuntia,sp.,,Prickly pear,Cactaceae,Perennial,Perennials
pani ariz,Urochloa (Panicum),arizonicum,,Arizona Signalgrass,Poaceae,Annual,Summer Annuals
pani hirt,Panicum,hirticaule,,Mexican panicgrass,Poaceae,Annual,Summer and Winter Annuals
pani mili,Panicum,miliaceum,,Broomcorn Millet,Poaceae,Annual,Summer Annuals
pani sp,Panicum,sp.,,Unknown,Poaceae,Annual,Summer Annuals
part inca,Parthenium,incanum,,Mariola,Asteraceae,Perennial,Perennials
pect papp,Pectis,papposa,,Manybristle Chinchweed,Asteraceae,Annual,Summer Annuals
pect recu,Pectocarya,recurvate,,Curvenut combseed,Boraginaceae,Annual,Winter Annuals
pect sp,Pectocarya,sp.,,Combseed,Boraginaceae,Annual,Winter Annuals
pere forb,Unknown,perenial forb,forb,Unknown,Unknowns,Perennial,Perennials
pere gras,Unknown,perenial grass,grass,Unknown,Poaceae,Perennial,Perennials
pere nana,Perezia,nana,,Dwarf desert holly,Asteraceae,Perennial,Perennials
phac ariz,Phacelia,arizonica,,Arizona scorpionweed,Hydrophyllaceae,Annual,Winter Annuals
plag ariz,Plagiobothrys,arizonicus,,Bloodweed,Boraginaceae,Annual,Winter Annuals
plan purs,Plantago,patagonica,(purshii),Woolly plantain,Plantaginaceae,Annual,Winter Annuals
poly twee,Polygala,tweedyi,,Shrubby milkwort,Polygalaceae,Perennial,Perennials
port parv,Portulaca,parvula,,Silkcotton Purslane,Portulacaceae,Annual,Summer Annuals
port sp,Portulaca,sp.,,Unknown,Portulacaceae,Annual,Summer Annuals
port suff,Portulaca,suffretescens,,Shrubby purslane,Portulacaceae,Perennial,Perennials
prob parv,Proboscidea,parviflora,,Devil's Claw,Martyniaceae,Annual,Summer Annuals
pros glan,Prosopis,glandulosa,,Honey Mesquite,Fabaceae,Perennial,Perennials
pros velu,Prosopis,velutina,,Velvet Mesquite,Fabaceae,Perennial,Perennials
pseu cane,Pseudognaphalium,canescens,,Wright's cudweed,Asteraceae,Annual,Winter and Summer Annuals
rume alti,Rumex,altissimus,,Smooth dock,Polygonaceae,Perennial,Perennials
rume angu,Rumex,crispus,(angustifolium),Curly dock,Polygonaceae,Perennial,Perennials
rume hyme,Rumex,hymenosepalus,,Desert dock,Polygonaceae,Perennial,Perennials
sals kali,Salsola,kali,,Russian Thistle,Chenopodiaceae,Annual,Summer Annuals
sanv aber,Sanvitalia,aberti,,Abert's Creeping Zinnia,Asteraceae,Annual,Summer Annuals
schi barb,Schismus,barbatus,,Mediterranean grass,Poaceae,Annual,Winter Annuals
seta macr,Setaria,macrostachya,,Bristle grass,Poaceae,Perennial,Perennials
sida phys,Sida,physocalyx,,Buffpetal,Malvaceae,Perennial,Perennials
sida proc,Sida,procumbens,,Spreading fanpetals,Malvaceae,Perennial,Perennials
sida sp,Sida,spp.,,Unknown,Malvaceae,Annual,Summer Annuals
sida spin,Sida,spinosa,,Prickly Fanpetals,Malvaceae,Annual,Summer Annuals
sisy irio,Sisymbrium,irio,,London rocket,Brassicaceae,Annual,Winter Annuals
sita hyst,Sitanion,hystrix,,Squirreltail,Poaceae,Perennial,Perennials
sola elea,Solanum,eleagnifolium,,Silverleaf nightshade,Solanaceae,Perennial,Perennials
sola rost,Solanum,rostratum,,Buffalobur Nightshade,Solanaceae,Annual,Summer Annuals
sper echi,Spermolepis,echinata,,Bristly scaleseed,Apiaceae,Annual,Winter Annuals
spha angu,Sphaeralcea,angustifolia,,Copper globemallow,Malvaceae,Perennial,Perennials
spha coul,Sphaeralcea,coulteri,,Coulter's globemallow,Malvaceae,Annual,Summer and Winter Annuals
spha inca,Sphaeralcea,incana,,Gray Globemallow,Malvaceae,Perennial,Perennials
spha laxa,Sphaeralcea,laxa,,Caliche globemallow,Malvaceae,Perennial,Perennials
spor cont,Sporobolus,contractus,,Spike dropseed,Poaceae,Perennial,Perennials
step exig,Stephanomeria,exigua,,Small wirelettuce,Asteraceae,Annual,Winter Annuals
tali angu,Phemeranthus (Talinum),angustissimum,,Orange fameflower,Portulacaceae,Perennial,Perennials
tali aura,Phemeranthus (Talinum),aurantiacus,(aurantiacum),Orange fameflower,Portulacaceae,Perennial,Perennials
tali sp,Phemeranthus (Talinum),sp.,,Orange flamethrower,Portulacaceae,Perennial,Perennials
tetr coul,Tetraclea,coulteri,,Coulter’s wrinkle fruit,Verbenaceae,Perennial,Perennials
tide lanu,Tidestromia,lanuginosa,,Woolly Tidestromia,Amaranthaceae,Annual,Summer Annuals
trag bert,Tragus,berteronianus,,Spiked Bur Grass,Poaceae,Annual,Summer Annuals
tria port,Trianthema,portulacastrum,,Desert Horsepurslane,Aizoaceae,Annual,Summer Annuals
tric cali,Trichachne,californica,,Arizona cottontop,Poaceae,Perennial,Perennials
trid pulc,Tridens,pulchellum,,Fluff grass,Poaceae,Perennial,Perennials
unkn,Unknown,plant,,Unknown,Unknowns,Unknown,Unknown
unkn forb,Unknown,forb,,Unknown,Unknowns,Unknown,Unknown
unkn forb2,Unknown,forb,distinct from unkn forb,Unknown,Unknowns,Unknown,Unknown
unkn gras,Unknown,grass,,Unknown,Poaceae,Unknown,Unknown
unkn gras2,Unknown,grass,distinct from unkn gras,Unknown,Poaceae,Unknown,Unknown
unkn must,Unknown,mustard,,Unknown,Brassicaceae,Annual,Winter Annuals
verb ence,Verbesina,encelioides,,Golden Crownbeard,Asteraceae,Annual,Summer Annuals
vulp octo,Vulpia,octoflora,,Sixweeks fescue,Poaceae,Annual,Winter Annuals
xant spin,Xanthisma,spinulosum,var. chihuahuanum,Chihuahua Tansyaster,Asteraceae,Perennial,Perennials
yucc elat,Yucca,elata,,Soaptree yucca,Agavaceae,Perennial,Perennials
zinn gran,Zinnia,grandiflora,,Wild zinnia,Asteraceae,Perennial,Perennials
zinn pumi,Zinnia,pumila,,Desert zinnia,Asteraceae,Perennial,Perennials
zinn sp,Zinnia,spp.,,Unknown zinnia,Asteraceae,Perennial,Perennials
